/* ***************************************************************
***************************INSERTING DATA WITTHOUT DATES*************************
**************************************************************** */
INSERT INTO regions
VALUES (
	1,
	'Europe'
	);

INSERT INTO regions
VALUES (
	2,
	'Americas'
	);

INSERT INTO regions
VALUES (
	3,
	'Asia'
	);

INSERT INTO regions
VALUES (
	4,
	'Middle East and Africa'
	);

INSERT INTO countries
VALUES (
	'IT',
	'Italy',
	1
	);

INSERT INTO countries
VALUES (
	'JP',
	'Japan',
	3
	);

INSERT INTO countries
VALUES (
	'US',
	'United States of America',
	2
	);

INSERT INTO countries
VALUES (
	'CA',
	'Canada',
	2
	);

INSERT INTO countries
VALUES (
	'CN',
	'China',
	3
	);

INSERT INTO countries
VALUES (
	'IN',
	'India',
	3
	);

INSERT INTO countries
VALUES (
	'AU',
	'Australia',
	3
	);

INSERT INTO countries
VALUES (
	'ZW',
	'Zimbabwe',
	4
	);

INSERT INTO countries
VALUES (
	'SG',
	'Singapore',
	3
	);

INSERT INTO countries
VALUES (
	'UK',
	'United Kingdom',
	1
	);

INSERT INTO countries
VALUES (
	'FR',
	'France',
	1
	);

INSERT INTO countries
VALUES (
	'DE',
	'Germany',
	1
	);

INSERT INTO countries
VALUES (
	'ZM',
	'Zambia',
	4
	);

INSERT INTO countries
VALUES (
	'EG',
	'Egypt',
	4
	);

INSERT INTO countries
VALUES (
	'BR',
	'Brazil',
	2
	);

INSERT INTO countries
VALUES (
	'CH',
	'Switzerland',
	1
	);

INSERT INTO countries
VALUES (
	'NL',
	'Netherlands',
	1
	);

INSERT INTO countries
VALUES (
	'MX',
	'Mexico',
	2
	);

INSERT INTO countries
VALUES (
	'KW',
	'Kuwait',
	4
	);

INSERT INTO countries
VALUES (
	'IL',
	'Israel',
	4
	);

INSERT INTO countries
VALUES (
	'DK',
	'Denmark',
	1
	);

INSERT INTO countries
VALUES (
	'HK',
	'HongKong',
	3
	);

INSERT INTO countries
VALUES (
	'NG',
	'Nigeria',
	4
	);

INSERT INTO countries
VALUES (
	'AR',
	'Argentina',
	2
	);

INSERT INTO countries
VALUES (
	'BE',
	'Belgium',
	1
	);

INSERT INTO locations
VALUES (
	1000,
	'1297 Via Cola di Rie',
	'00989',
	'Roma',
	NULL,
	'IT'
	);

INSERT INTO locations
VALUES (
	1100,
	'93091 Calle della Testa',
	'10934',
	'Venice',
	NULL,
	'IT'
	);

INSERT INTO locations
VALUES (
	1200,
	'2017 Shinjuku-ku',
	'1689',
	'Tokyo',
	'Tokyo Prefecture',
	'JP'
	);

INSERT INTO locations
VALUES (
	1300,
	'9450 Kamiya-cho',
	'6823',
	'Hiroshima',
	NULL,
	'JP'
	);

INSERT INTO locations
VALUES (
	1400,
	'2014 Jabberwocky Rd',
	'26192',
	'Southlake',
	'Texas',
	'US'
	);

INSERT INTO locations
VALUES (
	1500,
	'2011 Interiors Blvd',
	'99236',
	'South San Francisco',
	'California',
	'US'
	);

INSERT INTO locations
VALUES (
	1600,
	'2007 Zagora St',
	'50090',
	'South Brunswick',
	'New Jersey',
	'US'
	);

INSERT INTO locations
VALUES (
	1700,
	'2004 Charade Rd',
	'98199',
	'Seattle',
	'Washington',
	'US'
	);

INSERT INTO locations
VALUES (
	1800,
	'147 Spadina Ave',
	'M5V 2L7',
	'Toronto',
	'Ontario',
	'CA'
	);

INSERT INTO locations
VALUES (
	1900,
	'6092 Boxwood St',
	'YSW 9T2',
	'Whitehorse',
	'Yukon',
	'CA'
	);

INSERT INTO locations
VALUES (
	2000,
	'40-5-12 Laogianggen',
	'190518',
	'Beijing',
	NULL,
	'CN'
	);

INSERT INTO locations
VALUES (
	2100,
	'1298 Vileparle (E)',
	'490231',
	'Bombay',
	'Maharashtra',
	'IN'
	);

INSERT INTO locations
VALUES (
	2200,
	'12-98 Victoria Street',
	'2901',
	'Sydney',
	'New South Wales',
	'AU'
	);

INSERT INTO locations
VALUES (
	2300,
	'198 Clementi North',
	'540198',
	'Singapore',
	NULL,
	'SG'
	);

INSERT INTO locations
VALUES (
	2400,
	'8204 Arthur St',
	NULL,
	'London',
	NULL,
	'UK'
	);

INSERT INTO locations
VALUES (
	2500,
	'Magdalen Centre, The Oxford Science Park',
	'OX9 9ZB',
	'Oxford',
	'Oxford',
	'UK'
	);

INSERT INTO locations
VALUES (
	2600,
	'9702 Chester Road',
	'09629850293',
	'Stretford',
	'Manchester',
	'UK'
	);

INSERT INTO locations
VALUES (
	2700,
	'Schwanthalerstr. 7031',
	'80925',
	'Munich',
	'Bavaria',
	'DE'
	);

INSERT INTO locations
VALUES (
	2800,
	'Rua Frei Caneca 1360 ',
	'01307-002',
	'Sao Paulo',
	'Sao Paulo',
	'BR'
	);

INSERT INTO locations
VALUES (
	2900,
	'20 Rue des Corps-Saints',
	'1730',
	'Geneva',
	'Geneve',
	'CH'
	);

INSERT INTO locations
VALUES (
	3000,
	'Murtenstrasse 921',
	'3095',
	'Bern',
	'BE',
	'CH'
	);

INSERT INTO locations
VALUES (
	3100,
	'Pieter Breughelstraat 837',
	'3029SK',
	'Utrecht',
	'Utrecht',
	'NL'
	);

INSERT INTO locations
VALUES (
	3200,
	'Mariano Escobedo 9991',
	'11932',
	'Mexico City',
	'Distrito Federal,',
	'MX'
	);

SET REFERENTIAL_INTEGRITY FALSE;

INSERT INTO departments
VALUES (
	10,
	'Administration',
	200,
	1700
	);

INSERT INTO departments
VALUES (
	20,
	'Marketing',
	201,
	1800
	);

INSERT INTO departments
VALUES (
	30,
	'Purchasing',
	114,
	1700
	);

INSERT INTO departments
VALUES (
	40,
	'Human Resources',
	203,
	2400
	);

INSERT INTO departments
VALUES (
	50,
	'Shipping',
	121,
	1500
	);

INSERT INTO departments
VALUES (
	60,
	'IT',
	103,
	1400
	);

INSERT INTO departments
VALUES (
	70,
	'Public Relations',
	204,
	2700
	);

INSERT INTO departments
VALUES (
	80,
	'Sales',
	145,
	2500
	);

INSERT INTO departments
VALUES (
	90,
	'Executive',
	100,
	1700
	);

INSERT INTO departments
VALUES (
	100,
	'Finance',
	108,
	1700
	);

INSERT INTO departments
VALUES (
	110,
	'Accounting',
	205,
	1700
	);

INSERT INTO departments
VALUES (
	120,
	'Treasury',
	NULL,
	1700
	);

INSERT INTO departments
VALUES (
	130,
	'Corporate Tax',
	NULL,
	1700
	);

INSERT INTO departments
VALUES (
	140,
	'Control And Credit',
	NULL,
	1700
	);

INSERT INTO departments
VALUES (
	150,
	'Shareholder Services',
	NULL,
	1700
	);

INSERT INTO departments
VALUES (
	160,
	'Benefits',
	NULL,
	1700
	);

INSERT INTO departments
VALUES (
	170,
	'Manufacturing',
	NULL,
	1700
	);

INSERT INTO departments
VALUES (
	180,
	'Construction',
	NULL,
	1700
	);

INSERT INTO departments
VALUES (
	190,
	'Contracting',
	NULL,
	1700
	);

INSERT INTO departments
VALUES (
	200,
	'Operations',
	NULL,
	1700
	);

INSERT INTO departments
VALUES (
	210,
	'IT Support',
	NULL,
	1700
	);

INSERT INTO departments
VALUES (
	220,
	'NOC',
	NULL,
	1700
	);

INSERT INTO departments
VALUES (
	230,
	'IT Helpdesk',
	NULL,
	1700
	);

INSERT INTO departments
VALUES (
	240,
	'Government Sales',
	NULL,
	1700
	);

INSERT INTO departments
VALUES (
	250,
	'Retail Sales',
	NULL,
	1700
	);

INSERT INTO departments
VALUES (
	260,
	'Recruiting',
	NULL,
	1700
	);

INSERT INTO departments
VALUES (
	270,
	'Payroll',
	NULL,
	1700
	);

SET REFERENTIAL_INTEGRITY TRUE;

INSERT INTO jobs
VALUES (
	'AD_PRES',
	'President',
	20000,
	40000
	);

INSERT INTO jobs
VALUES (
	'AD_VP',
	'Administration Vice President',
	15000,
	30000
	);

INSERT INTO jobs
VALUES (
	'AD_ASST',
	'Administration Assistant',
	3000,
	6000
	);

INSERT INTO jobs
VALUES (
	'FI_MGR',
	'Finance Manager',
	8200,
	16000
	);

INSERT INTO jobs
VALUES (
	'FI_ACCOUNT',
	'Accountant',
	4200,
	9000
	);

INSERT INTO jobs
VALUES (
	'AC_MGR',
	'Accounting Manager',
	8200,
	16000
	);

INSERT INTO jobs
VALUES (
	'AC_ACCOUNT',
	'Public Accountant',
	4200,
	9000
	);

INSERT INTO jobs
VALUES (
	'SA_MAN',
	'Sales Manager',
	10000,
	20000
	);

INSERT INTO jobs
VALUES (
	'SA_REP',
	'Sales Representative',
	6000,
	12000
	);

INSERT INTO jobs
VALUES (
	'PU_MAN',
	'Purchasing Manager',
	8000,
	15000
	);

INSERT INTO jobs
VALUES (
	'PU_CLERK',
	'Purchasing Clerk',
	2500,
	5500
	);

INSERT INTO jobs
VALUES (
	'ST_MAN',
	'Stock Manager',
	5500,
	8500
	);

INSERT INTO jobs
VALUES (
	'ST_CLERK',
	'Stock Clerk',
	2000,
	5000
	);

INSERT INTO jobs
VALUES (
	'SH_CLERK',
	'Shipping Clerk',
	2500,
	5500
	);

INSERT INTO jobs
VALUES (
	'IT_PROG',
	'Programmer',
	4000,
	10000
	);

INSERT INTO jobs
VALUES (
	'MK_MAN',
	'Marketing Manager',
	9000,
	15000
	);

INSERT INTO jobs
VALUES (
	'MK_REP',
	'Marketing Representative',
	4000,
	9000
	);

INSERT INTO jobs
VALUES (
	'HR_REP',
	'Human Resources Representative',
	4000,
	9000
	);

INSERT INTO jobs
VALUES (
	'PR_REP',
	'Public Relations Representative',
	4500,
	10500
	);


INSERT INTO employees
VALUES (
	100,
	'Steven',
	'King',
	'SKING',
	'515.123.4567',
	NULL,
	'AD_PRES',
	24000,
	NULL,
	NULL,
	90
	);

INSERT INTO employees
VALUES (
	101,
	'Neena',
	'Kochhar',
	'NKOCHHAR',
	'515.123.4568',
	NULL,
	'AD_VP',
	17000,
	NULL,
	100,
	90
	);

INSERT INTO employees
VALUES (
	102,
	'Lex',
	'De Haan',
	'LDEHAAN',
	'515.123.4569',
	NULL,
	'AD_VP',
	17000,
	NULL,
	100,
	90
	);

INSERT INTO employees
VALUES (
	103,
	'Alexander',
	'Hunold',
	'AHUNOLD',
	'590.423.4567',
	NULL,
	'IT_PROG',
	9000,
	NULL,
	102,
	60
	);

INSERT INTO employees
VALUES (
	104,
	'Bruce',
	'Ernst',
	'BERNST',
	'590.423.4568',
	NULL,
	'IT_PROG',
	6000,
	NULL,
	103,
	60
	);

INSERT INTO employees
VALUES (
	105,
	'David',
	'Austin',
	'DAUSTIN',
	'590.423.4569',
	NULL,
	'IT_PROG',
	4800,
	NULL,
	103,
	60
	);

INSERT INTO employees
VALUES (
	106,
	'Valli',
	'Pataballa',
	'VPATABAL',
	'590.423.4560',
	NULL,
	'IT_PROG',
	4800,
	NULL,
	103,
	60
	);

INSERT INTO employees
VALUES (
	107,
	'Diana',
	'Lorentz',
	'DLORENTZ',
	'590.423.5567',
	NULL,
	'IT_PROG',
	4200,
	NULL,
	103,
	60
	);

INSERT INTO employees
VALUES (
	108,
	'Nancy',
	'Greenberg',
	'NGREENBE',
	'515.124.4569',
	NULL,
	'FI_MGR',
	12000,
	NULL,
	101,
	100
	);

INSERT INTO employees
VALUES (
	109,
	'Daniel',
	'Faviet',
	'DFAVIET',
	'515.124.4169',
	NULL,
	'FI_ACCOUNT',
	9000,
	NULL,
	108,
	100
	);

INSERT INTO employees
VALUES (
	110,
	'John',
	'Chen',
	'JCHEN',
	'515.124.4269',
	NULL,
	'FI_ACCOUNT',
	8200,
	NULL,
	108,
	100
	);

INSERT INTO employees
VALUES (
	111,
	'Ismael',
	'Sciarra',
	'ISCIARRA',
	'515.124.4369',
	NULL,
	'FI_ACCOUNT',
	7700,
	NULL,
	108,
	100
	);

INSERT INTO employees
VALUES (
	112,
	'Jose Manuel',
	'Urman',
	'JMURMAN',
	'515.124.4469',
	NULL,
	'FI_ACCOUNT',
	7800,
	NULL,
	108,
	100
	);

INSERT INTO employees
VALUES (
	113,
	'Luis',
	'Popp',
	'LPOPP',
	'515.124.4567',
	NULL,
	'FI_ACCOUNT',
	6900,
	NULL,
	108,
	100
	);

INSERT INTO employees
VALUES (
	114,
	'Den',
	'Raphaely',
	'DRAPHEAL',
	'515.127.4561',
	NULL,
	'PU_MAN',
	11000,
	NULL,
	100,
	30
	);

INSERT INTO employees
VALUES (
	115,
	'Alexander',
	'Khoo',
	'AKHOO',
	'515.127.4562',
	NULL,
	'PU_CLERK',
	3100,
	NULL,
	114,
	30
	);

INSERT INTO employees
VALUES (
	116,
	'Shelli',
	'Baida',
	'SBAIDA',
	'515.127.4563',
	NULL,
	'PU_CLERK',
	2900,
	NULL,
	114,
	30
	);

INSERT INTO employees
VALUES (
	117,
	'Sigal',
	'Tobias',
	'STOBIAS',
	'515.127.4564',
	NULL,
	'PU_CLERK',
	2800,
	NULL,
	114,
	30
	);

INSERT INTO employees
VALUES (
	118,
	'Guy',
	'Himuro',
	'GHIMURO',
	'515.127.4565',
	NULL,
	'PU_CLERK',
	2600,
	NULL,
	114,
	30
	);

INSERT INTO employees
VALUES (
	119,
	'Karen',
	'Colmenares',
	'KCOLMENA',
	'515.127.4566',
	NULL,
	'PU_CLERK',
	2500,
	NULL,
	114,
	30
	);

INSERT INTO employees
VALUES (
	120,
	'Matthew',
	'Weiss',
	'MWEISS',
	'650.123.1234',
	NULL,
	'ST_MAN',
	8000,
	NULL,
	100,
	50
	);

INSERT INTO employees
VALUES (
	121,
	'Adam',
	'Fripp',
	'AFRIPP',
	'650.123.2234',
	NULL,
	'ST_MAN',
	8200,
	NULL,
	100,
	50
	);

INSERT INTO employees
VALUES (
	122,
	'Payam',
	'Kaufling',
	'PKAUFLIN',
	'650.123.3234',
	NULL,
	'ST_MAN',
	7900,
	NULL,
	100,
	50
	);

INSERT INTO employees
VALUES (
	123,
	'Shanta',
	'Vollman',
	'SVOLLMAN',
	'650.123.4234',
	NULL,
	'ST_MAN',
	6500,
	NULL,
	100,
	50
	);

INSERT INTO employees
VALUES (
	124,
	'Kevin',
	'Mourgos',
	'KMOURGOS',
	'650.123.5234',
	NULL,
	'ST_MAN',
	5800,
	NULL,
	100,
	50
	);

INSERT INTO employees
VALUES (
	125,
	'Julia',
	'Nayer',
	'JNAYER',
	'650.124.1214',
	NULL,
	'ST_CLERK',
	3200,
	NULL,
	120,
	50
	);

INSERT INTO employees
VALUES (
	126,
	'Irene',
	'Mikkilineni',
	'IMIKKILI',
	'650.124.1224',
	NULL,
	'ST_CLERK',
	2700,
	NULL,
	120,
	50
	);

INSERT INTO employees
VALUES (
	127,
	'James',
	'Landry',
	'JLANDRY',
	'650.124.1334',
	NULL,
	'ST_CLERK',
	2400,
	NULL,
	120,
	50
	);

INSERT INTO employees
VALUES (
	128,
	'Steven',
	'Markle',
	'SMARKLE',
	'650.124.1434',
	NULL,
	'ST_CLERK',
	2200,
	NULL,
	120,
	50
	);

INSERT INTO employees
VALUES (
	129,
	'Laura',
	'Bissot',
	'LBISSOT',
	'650.124.5234',
	NULL,
	'ST_CLERK',
	3300,
	NULL,
	121,
	50
	);

INSERT INTO employees
VALUES (
	130,
	'Mozhe',
	'Atkinson',
	'MATKINSO',
	'650.124.6234',
	NULL,
	'ST_CLERK',
	2800,
	NULL,
	121,
	50
	);

INSERT INTO employees
VALUES (
	131,
	'James',
	'Marlow',
	'JAMRLOW',
	'650.124.7234',
	NULL,
	'ST_CLERK',
	2500,
	NULL,
	121,
	50
	);

INSERT INTO employees
VALUES (
	132,
	'TJ',
	'Olson',
	'TJOLSON',
	'650.124.8234',
	NULL,
	'ST_CLERK',
	2100,
	NULL,
	121,
	50
	);

INSERT INTO employees
VALUES (
	133,
	'Jason',
	'Mallin',
	'JMALLIN',
	'650.127.1934',
	NULL,
	'ST_CLERK',
	3300,
	NULL,
	122,
	50
	);

INSERT INTO employees
VALUES (
	134,
	'Michael',
	'Rogers',
	'MROGERS',
	'650.127.1834',
	NULL,
	'ST_CLERK',
	2900,
	NULL,
	122,
	50
	);

INSERT INTO employees
VALUES (
	135,
	'Ki',
	'Gee',
	'KGEE',
	'650.127.1734',
	NULL,
	'ST_CLERK',
	2400,
	NULL,
	122,
	50
	);

INSERT INTO employees
VALUES (
	136,
	'Hazel',
	'Philtanker',
	'HPHILTAN',
	'650.127.1634',
	NULL,
	'ST_CLERK',
	2200,
	NULL,
	122,
	50
	);

INSERT INTO employees
VALUES (
	137,
	'Renske',
	'Ladwig',
	'RLADWIG',
	'650.121.1234',
	NULL,
	'ST_CLERK',
	3600,
	NULL,
	123,
	50
	);

INSERT INTO employees
VALUES (
	138,
	'Stephen',
	'Stiles',
	'SSTILES',
	'650.121.2034',
	NULL,
	'ST_CLERK',
	3200,
	NULL,
	123,
	50
	);

INSERT INTO employees
VALUES (
	139,
	'John',
	'Seo',
	'JSEO',
	'650.121.2019',
	NULL,
	'ST_CLERK',
	2700,
	NULL,
	123,
	50
	);

INSERT INTO employees
VALUES (
	140,
	'Joshua',
	'Patel',
	'JPATEL',
	'650.121.1834',
	NULL,
	'ST_CLERK',
	2500,
	NULL,
	123,
	50
	);

INSERT INTO employees
VALUES (
	141,
	'Trenna',
	'Rajs',
	'TRAJS',
	'650.121.8009',
	NULL,
	'ST_CLERK',
	3500,
	NULL,
	124,
	50
	);

INSERT INTO employees
VALUES (
	142,
	'Curtis',
	'Davies',
	'CDAVIES',
	'650.121.2994',
	NULL,
	'ST_CLERK',
	3100,
	NULL,
	124,
	50
	);

INSERT INTO employees
VALUES (
	143,
	'Randall',
	'Matos',
	'RMATOS',
	'650.121.2874',
	NULL,
	'ST_CLERK',
	2600,
	NULL,
	124,
	50
	);

INSERT INTO employees
VALUES (
	144,
	'Peter',
	'Vargas',
	'PVARGAS',
	'650.121.2004',
	NULL,
	'ST_CLERK',
	2500,
	NULL,
	124,
	50
	);

INSERT INTO employees
VALUES (
	145,
	'John',
	'Russell',
	'JRUSSEL',
	'011.44.1344.429268',
	NULL,
	'SA_MAN',
	14000,
	.4,
	100,
	80
	);

INSERT INTO employees
VALUES (
	146,
	'Karen',
	'Partners',
	'KPARTNER',
	'011.44.1344.467268',
	NULL,
	'SA_MAN',
	13500,
	.3,
	100,
	80
	);

INSERT INTO employees
VALUES (
	147,
	'Alberto',
	'Errazuriz',
	'AERRAZUR',
	'011.44.1344.429278',
	NULL,
	'SA_MAN',
	12000,
	.3,
	100,
	80
	);

INSERT INTO employees
VALUES (
	148,
	'Gerald',
	'Cambrault',
	'GCAMBRAU',
	'011.44.1344.619268',
	NULL,
	'SA_MAN',
	11000,
	.3,
	100,
	80
	);

INSERT INTO employees
VALUES (
	149,
	'Eleni',
	'Zlotkey',
	'EZLOTKEY',
	'011.44.1344.429018',
	NULL,
	'SA_MAN',
	10500,
	.2,
	100,
	80
	);

INSERT INTO employees
VALUES (
	150,
	'Peter',
	'Tucker',
	'PTUCKER',
	'011.44.1344.129268',
	NULL,
	'SA_REP',
	10000,
	.3,
	145,
	80
	);

INSERT INTO employees
VALUES (
	151,
	'David',
	'Bernstein',
	'DBERNSTE',
	'011.44.1344.345268',
	NULL,
	'SA_REP',
	9500,
	.25,
	145,
	80
	);

INSERT INTO employees
VALUES (
	152,
	'Peter',
	'Hall',
	'PHALL',
	'011.44.1344.478968',
	NULL,
	'SA_REP',
	9000,
	.25,
	145,
	80
	);

INSERT INTO employees
VALUES (
	153,
	'Christopher',
	'Olsen',
	'COLSEN',
	'011.44.1344.498718',
	NULL,
	'SA_REP',
	8000,
	.2,
	145,
	80
	);

INSERT INTO employees
VALUES (
	154,
	'Nanette',
	'Cambrault',
	'NCAMBRAU',
	'011.44.1344.987668',
	NULL,
	'SA_REP',
	7500,
	.2,
	145,
	80
	);

INSERT INTO employees
VALUES (
	155,
	'Oliver',
	'Tuvault',
	'OTUVAULT',
	'011.44.1344.486508',
	NULL,
	'SA_REP',
	7000,
	.15,
	145,
	80
	);

INSERT INTO employees
VALUES (
	156,
	'Janette',
	'King',
	'JKING',
	'011.44.1345.429268',
	NULL,
	'SA_REP',
	10000,
	.35,
	146,
	80
	);

INSERT INTO employees
VALUES (
	157,
	'Patrick',
	'Sully',
	'PSULLY',
	'011.44.1345.929268',
	NULL,
	'SA_REP',
	9500,
	.35,
	146,
	80
	);

INSERT INTO employees
VALUES (
	158,
	'Allan',
	'McEwen',
	'AMCEWEN',
	'011.44.1345.829268',
	NULL,
	'SA_REP',
	9000,
	.35,
	146,
	80
	);

INSERT INTO employees
VALUES (
	159,
	'Lindsey',
	'Smith',
	'LSMITH',
	'011.44.1345.729268',
	NULL,
	'SA_REP',
	8000,
	.3,
	146,
	80
	);

INSERT INTO employees
VALUES (
	160,
	'Louise',
	'Doran',
	'LDORAN',
	'011.44.1345.629268',
	NULL,
	'SA_REP',
	7500,
	.3,
	146,
	80
	);

INSERT INTO employees
VALUES (
	161,
	'Sarath',
	'Sewall',
	'SSEWALL',
	'011.44.1345.529268',
	NULL,
	'SA_REP',
	7000,
	.25,
	146,
	80
	);

INSERT INTO employees
VALUES (
	162,
	'Clara',
	'Vishney',
	'CVISHNEY',
	'011.44.1346.129268',
	NULL,
	'SA_REP',
	10500,
	.25,
	147,
	80
	);

INSERT INTO employees
VALUES (
	163,
	'Danielle',
	'Greene',
	'DGREENE',
	'011.44.1346.229268',
	NULL,
	'SA_REP',
	9500,
	.15,
	147,
	80
	);

INSERT INTO employees
VALUES (
	164,
	'Mattea',
	'Marvins',
	'MMARVINS',
	'011.44.1346.329268',
	NULL,
	'SA_REP',
	7200,
	.10,
	147,
	80
	);

INSERT INTO employees
VALUES (
	165,
	'David',
	'Lee',
	'DLEE',
	'011.44.1346.529268',
	NULL,
	'SA_REP',
	6800,
	.1,
	147,
	80
	);

INSERT INTO employees
VALUES (
	166,
	'Sundar',
	'Ande',
	'SANDE',
	'011.44.1346.629268',
	NULL,
	'SA_REP',
	6400,
	.10,
	147,
	80
	);

INSERT INTO employees
VALUES (
	167,
	'Amit',
	'Banda',
	'ABANDA',
	'011.44.1346.729268',
	NULL,
	'SA_REP',
	6200,
	.10,
	147,
	80
	);

INSERT INTO employees
VALUES (
	168,
	'Lisa',
	'Ozer',
	'LOZER',
	'011.44.1343.929268',
	NULL,
	'SA_REP',
	11500,
	.25,
	148,
	80
	);

INSERT INTO employees
VALUES (
	169,
	'Harrison',
	'Bloom',
	'HBLOOM',
	'011.44.1343.829268',
	NULL,
	'SA_REP',
	10000,
	.20,
	148,
	80
	);

INSERT INTO employees
VALUES (
	170,
	'Tayler',
	'Fox',
	'TFOX',
	'011.44.1343.729268',
	NULL,
	'SA_REP',
	9600,
	.20,
	148,
	80
	);

INSERT INTO employees
VALUES (
	171,
	'William',
	'Smith',
	'WSMITH',
	'011.44.1343.629268',
	NULL,
	'SA_REP',
	7400,
	.15,
	148,
	80
	);

INSERT INTO employees
VALUES (
	172,
	'Elizabeth',
	'Bates',
	'EBATES',
	'011.44.1343.529268',
	NULL,
	'SA_REP',
	7300,
	.15,
	148,
	80
	);

INSERT INTO employees
VALUES (
	173,
	'Sundita',
	'Kumar',
	'SKUMAR',
	'011.44.1343.329268',
	NULL,
	'SA_REP',
	6100,
	.10,
	148,
	80
	);

INSERT INTO employees
VALUES (
	174,
	'Ellen',
	'Abel',
	'EABEL',
	'011.44.1644.429267',
	NULL,
	'SA_REP',
	11000,
	.30,
	149,
	80
	);

INSERT INTO employees
VALUES (
	175,
	'Alyssa',
	'Hutton',
	'AHUTTON',
	'011.44.1644.429266',
	NULL,
	'SA_REP',
	8800,
	.25,
	149,
	80
	);

INSERT INTO employees
VALUES (
	176,
	'Jonathon',
	'Taylor',
	'JTAYLOR',
	'011.44.1644.429265',
	NULL,
	'SA_REP',
	8600,
	.20,
	149,
	80
	);

INSERT INTO employees
VALUES (
	177,
	'Jack',
	'Livingston',
	'JLIVINGS',
	'011.44.1644.429264',
	NULL,
	'SA_REP',
	8400,
	.20,
	149,
	80
	);

INSERT INTO employees
VALUES (
	178,
	'Kimberely',
	'Grant',
	'KGRANT',
	'011.44.1644.429263',
	NULL,
	'SA_REP',
	7000,
	.15,
	149,
	NULL
	);

INSERT INTO employees
VALUES (
	179,
	'Charles',
	'Johnson',
	'CJOHNSON',
	'011.44.1644.429262',
	NULL,
	'SA_REP',
	6200,
	.10,
	149,
	80
	);

INSERT INTO employees
VALUES (
	180,
	'Winston',
	'Taylor',
	'WTAYLOR',
	'650.507.9876',
	NULL,
	'SH_CLERK',
	3200,
	NULL,
	120,
	50
	);

INSERT INTO employees
VALUES (
	181,
	'Jean',
	'Fleaur',
	'JFLEAUR',
	'650.507.9877',
	NULL,
	'SH_CLERK',
	3100,
	NULL,
	120,
	50
	);

INSERT INTO employees
VALUES (
	182,
	'Martha',
	'Sullivan',
	'MSULLIVA',
	'650.507.9878',
	NULL,
	'SH_CLERK',
	2500,
	NULL,
	120,
	50
	);

INSERT INTO employees
VALUES (
	183,
	'Girard',
	'Geoni',
	'GGEONI',
	'650.507.9879',
	NULL,
	'SH_CLERK',
	2800,
	NULL,
	120,
	50
	);

INSERT INTO employees
VALUES (
	184,
	'Nandita',
	'Sarchand',
	'NSARCHAN',
	'650.509.1876',
	NULL,
	'SH_CLERK',
	4200,
	NULL,
	121,
	50
	);

INSERT INTO employees
VALUES (
	185,
	'Alexis',
	'Bull',
	'ABULL',
	'650.509.2876',
	NULL,
	'SH_CLERK',
	4100,
	NULL,
	121,
	50
	);

INSERT INTO employees
VALUES (
	186,
	'Julia',
	'Dellinger',
	'JDELLING',
	'650.509.3876',
	NULL,
	'SH_CLERK',
	3400,
	NULL,
	121,
	50
	);

INSERT INTO employees
VALUES (
	187,
	'Anthony',
	'Cabrio',
	'ACABRIO',
	'650.509.4876',
	NULL,
	'SH_CLERK',
	3000,
	NULL,
	121,
	50
	);

INSERT INTO employees
VALUES (
	188,
	'Kelly',
	'Chung',
	'KCHUNG',
	'650.505.1876',
	NULL,
	'SH_CLERK',
	3800,
	NULL,
	122,
	50
	);

INSERT INTO employees
VALUES (
	189,
	'Jennifer',
	'Dilly',
	'JDILLY',
	'650.505.2876',
	NULL,
	'SH_CLERK',
	3600,
	NULL,
	122,
	50
	);

INSERT INTO employees
VALUES (
	190,
	'Timothy',
	'Gates',
	'TGATES',
	'650.505.3876',
	NULL,
	'SH_CLERK',
	2900,
	NULL,
	122,
	50
	);

INSERT INTO employees
VALUES (
	191,
	'Randall',
	'Perkins',
	'RPERKINS',
	'650.505.4876',
	NULL,
	'SH_CLERK',
	2500,
	NULL,
	122,
	50
	);

INSERT INTO employees
VALUES (
	192,
	'Sarah',
	'Bell',
	'SBELL',
	'650.501.1876',
	NULL,
	'SH_CLERK',
	4000,
	NULL,
	123,
	50
	);

INSERT INTO employees
VALUES (
	193,
	'Britney',
	'Everett',
	'BEVERETT',
	'650.501.2876',
	NULL,
	'SH_CLERK',
	3900,
	NULL,
	123,
	50
	);

INSERT INTO employees
VALUES (
	194,
	'Samuel',
	'McCain',
	'SMCCAIN',
	'650.501.3876',
	NULL,
	'SH_CLERK',
	3200,
	NULL,
	123,
	50
	);

INSERT INTO employees
VALUES (
	195,
	'Vance',
	'Jones',
	'VJONES',
	'650.501.4876',
	NULL,
	'SH_CLERK',
	2800,
	NULL,
	123,
	50
	);

INSERT INTO employees
VALUES (
	196,
	'Alana',
	'Walsh',
	'AWALSH',
	'650.507.9811',
	NULL,
	'SH_CLERK',
	3100,
	NULL,
	124,
	50
	);

INSERT INTO employees
VALUES (
	197,
	'Kevin',
	'Feeney',
	'KFEENEY',
	'650.507.9822',
	NULL,
	'SH_CLERK',
	3000,
	NULL,
	124,
	50
	);

INSERT INTO employees
VALUES (
	198,
	'Donald',
	'OConnell',
	'DOCONNEL',
	'650.507.9833',
	NULL,
	'SH_CLERK',
	2600,
	NULL,
	124,
	50
	);

INSERT INTO employees
VALUES (
	199,
	'Douglas',
	'Grant',
	'DGRANT',
	'650.507.9844',
	NULL,
	'SH_CLERK',
	2600,
	NULL,
	124,
	50
	);

INSERT INTO employees
VALUES (
	200,
	'Jennifer',
	'Whalen',
	'JWHALEN',
	'515.123.4444',
	NULL,
	'AD_ASST',
	4400,
	NULL,
	101,
	10
	);

INSERT INTO employees
VALUES (
	201,
	'Michael',
	'Hartstein',
	'MHARTSTE',
	'515.123.5555',
	NULL,
	'MK_MAN',
	13000,
	NULL,
	100,
	20
	);

INSERT INTO employees
VALUES (
	202,
	'Pat',
	'Fay',
	'PFAY',
	'603.123.6666',
	NULL,
	'MK_REP',
	6000,
	NULL,
	201,
	20
	);

INSERT INTO employees
VALUES (
	203,
	'Susan',
	'Mavris',
	'SMAVRIS',
	'515.123.7777',
	NULL,
	'HR_REP',
	6500,
	NULL,
	101,
	40
	);

INSERT INTO employees
VALUES (
	204,
	'Hermann',
	'Baer',
	'HBAER',
	'515.123.8888',
	NULL,
	'PR_REP',
	10000,
	NULL,
	101,
	70
	);

INSERT INTO employees
VALUES (
	205,
	'Shelley',
	'Higgins',
	'SHIGGINS',
	'515.123.8080',
	NULL,
	'AC_MGR',
	12000,
	NULL,
	101,
	110
	);

INSERT INTO employees
VALUES (
	206,
	'William',
	'Gietz',
	'WGIETZ',
	'51hr5.123.8181',
	NULL,
	'AC_ACCOUNT',
	8300,
	NULL,
	205,
	110
	);

INSERT INTO job_history
VALUES (
	102,
	'1993-01-13',
	'1998-07-24',
	'IT_PROG',
	60
	);

INSERT INTO job_history
VALUES (
	101,
	'1989-09-21',
	'1993-10-27',
	'AC_ACCOUNT',
	110
	);

INSERT INTO job_history
VALUES (
	101,
	'1993-10-28',
	'1997-03-15',
	'AC_MGR',
	110
	);

INSERT INTO job_history
VALUES (
	201,
	'1996-02-27',
	'1999-12-19',
	'MK_REP',
	20
	);

INSERT INTO job_history
VALUES (
	114,
	'1998-03-24',
	'1999-12-31',
	'ST_CLERK',
	50
	);

INSERT INTO job_history
VALUES (
	122,
	'1999-01-01',
	'1999-12-31',
	'ST_CLERK',
	50
	);

INSERT INTO job_history
VALUES (
	200,
	'1987-09-17',
	'1993-06-17',
	'AD_ASST',
	90
	);

INSERT INTO job_history
VALUES (
	176,
	'1998-03-24',
	'1998-12-31',
	'SA_REP',
	80
	);

INSERT INTO job_history
VALUES (
	176,
	'1999-01-01',
	'1999-12-31',
	'SA_MAN',
	80
	);

INSERT INTO job_history
VALUES (
	200,
	'1994-07-01',
	'1998-12-31',
	'AC_ACCOUNT',
	90
	);

/* ***************************************************************
***************************UPDATING DATA*************************
**************************************************************** */
update employees set hire_date = '1988-3-3' where employee_id = 100;
update employees set hire_date = '1997-3-25' where employee_id = 101;
update employees set hire_date = '1995-11-3' where employee_id = 102;
update employees set hire_date = '1988-8-24' where employee_id = 103;
update employees set hire_date = '1997-6-14' where employee_id = 104;
update employees set hire_date = '1991-8-18' where employee_id = 105;
update employees set hire_date = '1997-5-12' where employee_id = 106;
update employees set hire_date = '1989-8-20' where employee_id = 107;
update employees set hire_date = '1998-4-7' where employee_id = 108;
update employees set hire_date = '1992-1-31' where employee_id = 109;
update employees set hire_date = '1992-12-28' where employee_id = 110;
update employees set hire_date = '1992-4-10' where employee_id = 111;
update employees set hire_date = '1994-2-16' where employee_id = 112;
update employees set hire_date = '1988-9-21' where employee_id = 113;
update employees set hire_date = '1996-1-11' where employee_id = 114;
update employees set hire_date = '1998-5-30' where employee_id = 115;
update employees set hire_date = '1990-9-4' where employee_id = 116;
update employees set hire_date = '1997-5-4' where employee_id = 117;
update employees set hire_date = '1988-10-6' where employee_id = 118;
update employees set hire_date = '1997-12-16' where employee_id = 119;
update employees set hire_date = '1987-9-6' where employee_id = 120;
update employees set hire_date = '1988-11-7' where employee_id = 121;
update employees set hire_date = '1998-4-8' where employee_id = 122;
update employees set hire_date = '1990-2-20' where employee_id = 123;
update employees set hire_date = '1990-12-12' where employee_id = 124;
update employees set hire_date = '1998-9-17' where employee_id = 125;
update employees set hire_date = '1999-8-29' where employee_id = 126;
update employees set hire_date = '1995-1-22' where employee_id = 127;
update employees set hire_date = '1993-6-19' where employee_id = 128;
update employees set hire_date = '1999-4-29' where employee_id = 129;
update employees set hire_date = '1987-7-13' where employee_id = 130;
update employees set hire_date = '1995-9-14' where employee_id = 131;
update employees set hire_date = '1999-6-16' where employee_id = 132;
update employees set hire_date = '2000-6-1' where employee_id = 133;
update employees set hire_date = '1990-4-14' where employee_id = 134;
update employees set hire_date = '1998-12-18' where employee_id = 135;
update employees set hire_date = '1991-11-23' where employee_id = 136;
update employees set hire_date = '1992-8-2' where employee_id = 137;
update employees set hire_date = '1991-11-21' where employee_id = 138;
update employees set hire_date = '1994-4-26' where employee_id = 139;
update employees set hire_date = '1990-7-23' where employee_id = 140;
update employees set hire_date = '1987-11-19' where employee_id = 141;
update employees set hire_date = '1998-12-26' where employee_id = 142;
update employees set hire_date = '1997-5-27' where employee_id = 143;
update employees set hire_date = '1994-1-18' where employee_id = 144;
update employees set hire_date = '1992-9-4' where employee_id = 145;
update employees set hire_date = '1987-4-4' where employee_id = 146;
update employees set hire_date = '1987-6-25' where employee_id = 147;
update employees set hire_date = '1990-4-15' where employee_id = 148;
update employees set hire_date = '1998-10-10' where employee_id = 149;
update employees set hire_date = '1989-10-2' where employee_id = 150;
update employees set hire_date = '1997-4-30' where employee_id = 151;
update employees set hire_date = '1991-1-3' where employee_id = 152;
update employees set hire_date = '1990-9-7' where employee_id = 153;
update employees set hire_date = '1990-11-20' where employee_id = 154;
update employees set hire_date = '1994-11-10' where employee_id = 155;
update employees set hire_date = '1995-6-10' where employee_id = 156;
update employees set hire_date = '1999-3-10' where employee_id = 157;
update employees set hire_date = '1995-10-24' where employee_id = 158;
update employees set hire_date = '2000-4-5' where employee_id = 159;
update employees set hire_date = '1994-6-15' where employee_id = 160;
update employees set hire_date = '1994-5-9' where employee_id = 161;
update employees set hire_date = '1991-12-7' where employee_id = 162;
update employees set hire_date = '1989-8-4' where employee_id = 163;
update employees set hire_date = '1990-3-13' where employee_id = 164;
update employees set hire_date = '1988-12-9' where employee_id = 165;
update employees set hire_date = '1996-1-2' where employee_id = 166;
update employees set hire_date = '1995-9-19' where employee_id = 167;
update employees set hire_date = '1988-10-19' where employee_id = 168;
update employees set hire_date = '1996-5-15' where employee_id = 169;
update employees set hire_date = '2000-5-15' where employee_id = 170;
update employees set hire_date = '1997-6-29' where employee_id = 171;
update employees set hire_date = '1988-4-25' where employee_id = 172;
update employees set hire_date = '1992-6-11' where employee_id = 173;
update employees set hire_date = '1994-12-1' where employee_id = 174;
update employees set hire_date = '1987-10-8' where employee_id = 175;
update employees set hire_date = '2000-1-2' where employee_id = 176;
update employees set hire_date = '1997-9-13' where employee_id = 177;
update employees set hire_date = '1996-7-30' where employee_id = 178;
update employees set hire_date = '1987-2-16' where employee_id = 179;
update employees set hire_date = '1999-8-19' where employee_id = 180;
update employees set hire_date = '1999-10-6' where employee_id = 181;
update employees set hire_date = '1994-2-19' where employee_id = 182;
update employees set hire_date = '1993-3-26' where employee_id = 183;
update employees set hire_date = '2000-7-25' where employee_id = 184;
update employees set hire_date = '1996-10-11' where employee_id = 185;
update employees set hire_date = '1996-11-3' where employee_id = 186;
update employees set hire_date = '1989-8-27' where employee_id = 187;
update employees set hire_date = '1997-9-2' where employee_id = 188;
update employees set hire_date = '2000-10-26' where employee_id = 189;
update employees set hire_date = '1991-3-8' where employee_id = 190;
update employees set hire_date = '1988-7-14' where employee_id = 191;
update employees set hire_date = '1999-11-3' where employee_id = 192;
update employees set hire_date = '1998-5-24' where employee_id = 193;
update employees set hire_date = '1988-5-9' where employee_id = 194;
update employees set hire_date = '1988-9-26' where employee_id = 195;
update employees set hire_date = '1996-9-22' where employee_id = 196;
update employees set hire_date = '1993-2-4' where employee_id = 197;
update employees set hire_date = '1998-4-20' where employee_id = 198;
update employees set hire_date = '1989-12-27' where employee_id = 199;
update employees set hire_date = '1990-4-12' where employee_id = 200;
update employees set hire_date = '1992-1-17' where employee_id = 201;
update employees set hire_date = '1991-8-26' where employee_id = 202;
update employees set hire_date = '1997-12-16' where employee_id = 203;
update employees set hire_date = '1991-12-23' where employee_id = 204;
update employees set hire_date = '2000-6-3' where employee_id = 205;
update employees set hire_date = '1989-2-21' where employee_id = 206;
